Media Link,Referencing File,Line Number
https://kurifturesorts.com/_nuxt/img/pai_Boston.3fabb0c.png,src/components/BuyTicketBoostonPackage.tsx,25
https://kurifturesorts.com/_nuxt/img/NewAwards.b2869ef.jpg,src/components/AboutUsCard4.tsx,14
https://kurifturesorts.com/_nuxt/img/WaterhouseLong.48262ff.webp,src/MockData/waterParkHomeData.tsx,14
https://kurifturesorts.com/_nuxt/img/WaterhouseLong.48262ff.webp,src/MockData/waterParkHomeData.tsx,20
https://kurifturesorts.com/_nuxt/img/wavepoolLong.5549e3f.webp,src/MockData/waterParkHomeData.tsx,26
https://kurifturesorts.com/_nuxt/img/SpiralSlideLong.9db3edb.webp,src/MockData/waterParkHomeData.tsx,32
https://kurifturesorts.com/_nuxt/img/boomLong.81f1304.webp,src/MockData/waterParkHomeData.tsx,38
https://kurifturesorts.com/_nuxt/img/FikatCircusLong.c96ffbc.webp,src/MockData/waterParkHomeData.tsx,44
https://kurifturesorts.com/_nuxt/img/GiftshopLong.008270b.webp,src/MockData/waterParkHomeData.tsx,50
https://kurifturesorts.com/_nuxt/img/exp1.d4c3656.webp,src/MockData/waterParkHomeData.tsx,60
https://kurifturesorts.com/_nuxt/img/exp2.9bf24be.webp,src/MockData/waterParkHomeData.tsx,66
https://kurifturesorts.com/_nuxt/img/exp3.f02533c.webp,src/MockData/waterParkHomeData.tsx,72
https://kurifturesorts.com/_nuxt/img/Glamping.75aadd4.webp,src/MockData/room.tsx,5
https://kurifturesorts.com/_nuxt/img/Glamping.a03f5c8.webp,src/MockData/room.tsx,11
https://www.kurifturesorts.com/_nuxt/img/awash_spa1.webp,src/MockData/room.tsx,21
https://www.kurifturesorts.com/_nuxt/img/awash_premium_suite.webp,src/MockData/room.tsx,28
https://www.kurifturesorts.com/_nuxt/img/awash_junior_suite.webp,src/MockData/room.tsx,55
https://www.kurifturesorts.com/_nuxt/img/awash_executive_suite.webp,src/MockData/room.tsx,82
https://www.kurifturesorts.com/_nuxt/img/awash_presidential_suite.webp,src/MockData/room.tsx,109
https://kurifturesorts.com/_nuxt/img/2.46e7606.webp,src/MockData/room.tsx,135
https://kurifturesorts.com/_nuxt/img/Menu&Catering.5e64bc6.webp,src/MockData/events.tsx,75
https://kurifturesorts.com/_nuxt/img/EventConsulting.9e5c587.webp,src/MockData/events.tsx,83
https://kurifturesorts.com/_nuxt/img/Entertainment.30afcb1.webp,src/MockData/events.tsx,91
https://kurifturesorts.com/_nuxt/img/Menu&Catering.5e64bc6.webp,src/MockData/events.tsx,185
https://kurifturesorts.com/_nuxt/img/EventConsulting.9e5c587.webp,src/MockData/events.tsx,193
https://kurifturesorts.com/_nuxt/img/Entertainment.30afcb1.webp,src/MockData/events.tsx,201
https://kurifturesorts.com/_nuxt/img/Menu&Catering.0111b85.webp,src/MockData/events.tsx,277
https://kurifturesorts.com/_nuxt/img/EventConsulting.f4ccdbc.webp,src/MockData/events.tsx,285
https://kurifturesorts.com/_nuxt/img/Entertainment.19a424e.webp,src/MockData/events.tsx,293
https://kurifturesorts.com/_nuxt/img/s1.84eb715.webp,src/MockData/events.tsx,349
https://kurifturesorts.com/_nuxt/img/s2.147bc76.webp,src/MockData/events.tsx,350
https://kurifturesorts.com/_nuxt/img/s3.38a710c.webp,src/MockData/events.tsx,351
https://kurifturesorts.com/_nuxt/img/Landscape.628f404.webp,src/MockData/events.tsx,359
https://kurifturesorts.com/_nuxt/img/Bridalshower.e90f713.webp,src/MockData/events.tsx,367
https://kurifturesorts.com/_nuxt/img/Bachelorette.92bb38c.webp,src/MockData/events.tsx,375
https://kurifturesorts.com/_nuxt/img/we.c516b54.webp,src/MockData/events.tsx,379
https://kurifturesorts.com/_nuxt/img/s4.1e7dc28.webp,src/MockData/events.tsx,380
https://kurifturesorts.com/_nuxt/img/s1.84eb715.webp,src/MockData/events.tsx,381
https://kurifturesorts.com/_nuxt/img/Landscape.628f404.webp,src/MockData/events.tsx,382
https://kurifturesorts.com/_nuxt/img/WeddingArea.9732696.webp,src/MockData/events.tsx,394
https://kurifturesorts.com/_nuxt/img/bishCele.1e852b4.webp,src/MockData/events.tsx,395
https://kurifturesorts.com/_nuxt/img/wedding.2364f4a.webp,src/MockData/events.tsx,396
https://kurifturesorts.com/_nuxt/img/Landscape.e579177.webp,src/MockData/events.tsx,404
https://kurifturesorts.com/_nuxt/img/Bridalshower.e90f713.webp,src/MockData/events.tsx,412
https://kurifturesorts.com/_nuxt/img/Bachelorette.92bb38c.webp,src/MockData/events.tsx,420
https://kurifturesorts.com/_nuxt/img/WeddingLong.07f0acc.webp,src/MockData/events.tsx,424
https://kurifturesorts.com/_nuxt/img/WeddingArea.9732696.webp,src/MockData/events.tsx,425
https://kurifturesorts.com/_nuxt/img/wedding.2364f4a.webp,src/MockData/events.tsx,426
https://kurifturesorts.com/_nuxt/img/3.b4fafda.webp,src/MockData/events.tsx,427
https://kurifturesorts.com/_nuxt/img/wed.2e89f5a.webp,src/MockData/events.tsx,439
https://kurifturesorts.com/_nuxt/img/bishCele.1e852b4.webp,src/MockData/events.tsx,440
https://kurifturesorts.com/_nuxt/img/Landscape.e579177.webp,src/MockData/events.tsx,448
https://kurifturesorts.com/_nuxt/img/Bridalshower.e90f713.webp,src/MockData/events.tsx,456
https://kurifturesorts.com/_nuxt/img/Bachelorette.92bb38c.webp,src/MockData/events.tsx,464
https://kurifturesorts.com/_nuxt/img/3.b4fafda.webp,src/MockData/events.tsx,468
https://kurifturesorts.com/_nuxt/img/WeddingLong.07f0acc.webp,src/MockData/events.tsx,469
https://kurifturesorts.com/_nuxt/img/WeddingArea.9732696.webp,src/MockData/events.tsx,470
https://kurifturesorts.com/_nuxt/img/wedding.2364f4a.webp,src/MockData/events.tsx,471
https://kurifturesorts.com/_nuxt/img/1.0a370e9.webp,src/MockData/events.tsx,481
https://kurifturesorts.com/_nuxt/img/Landscape.e3ecdac.webp,src/MockData/events.tsx,488
https://kurifturesorts.com/_nuxt/img/Bridalshower.e90f713.webp,src/MockData/events.tsx,496
https://kurifturesorts.com/_nuxt/img/Bachelorette.92bb38c.webp,src/MockData/events.tsx,504
https://kurifturesorts.com/_nuxt/img/Mels.d221dee.webp,src/MockData/events.tsx,510
https://kurifturesorts.com/_nuxt/img/Wedding1.4c034c6.webp,src/MockData/events.tsx,517
https://kurifturesorts.com/_nuxt/img/Honeymoon.c509471.webp,src/MockData/events.tsx,524
https://kurifturesorts.com/_nuxt/img/7.2dae83c.webp,src/MockData/events.tsx,528
https://kurifturesorts.com/_nuxt/img/10.60d29d1.webp,src/MockData/events.tsx,529
https://kurifturesorts.com/_nuxt/img/9.726df95.webp,src/MockData/events.tsx,530
https://kurifturesorts.com/_nuxt/img/1.cba30ab.webp,src/MockData/events.tsx,531
https://kurifturesorts.com/_nuxt/img/3.b337c8c.webp,src/MockData/events.tsx,532
https://kurifturesorts.com/_nuxt/img/contact.2e8edc6.jpg,src/MockData/contactUsData.tsx,2
https://kurifturesorts.com/_nuxt/img/Menu&Catering.5e64bc6.webp,src/MockData/celebrationsAndEvent.tsx,92
https://kurifturesorts.com/_nuxt/img/SpaceOrganization.d5320f2.webp,src/MockData/celebrationsAndEvent.tsx,100
https://kurifturesorts.com/_nuxt/img/ClosingEvent.dee1570.webp,src/MockData/celebrationsAndEvent.tsx,107
https://kurifturesorts.com/_nuxt/img/1.f82bde1.webp,src/MockData/celebrationsAndEvent.tsx,129
https://kurifturesorts.com/_nuxt/img/2.cba8b20.webp,src/MockData/celebrationsAndEvent.tsx,130
https://kurifturesorts.com/_nuxt/img/catering.9294532.webp,src/MockData/celebrationsAndEvent.tsx,203
https://kurifturesorts.com/_nuxt/img/1O.5433205.webp,src/MockData/celebrationsAndEvent.tsx,210
https://kurifturesorts.com/_nuxt/img/2O.754ae7c.webp,src/MockData/celebrationsAndEvent.tsx,217
https://kurifturesorts.com/_nuxt/img/2.bf76cc2.webp,src/MockData/celebrationsAndEvent.tsx,297
https://kurifturesorts.com/_nuxt/img/CorporateMembership.027accb.webp,src/MockData/celebrationsAndEvent.tsx,305
https://kurifturesorts.com/_nuxt/img/ConferenceHall.f84c697.webp,src/MockData/celebrationsAndEvent.tsx,313
https://kurifturesorts.com/_nuxt/img/Menu&Catering.1e370ba.webp,src/MockData/celebrationsAndEvent.tsx,366
https://kurifturesorts.com/_nuxt/img/SpaceOrganization.4284dbb.webp,src/MockData/celebrationsAndEvent.tsx,374
https://kurifturesorts.com/_nuxt/img/ClosingEvent.1e10bb5.webp,src/MockData/celebrationsAndEvent.tsx,381
https://kurifturesorts.com/_nuxt/img/ArtGallery.cb59c6c.webp,src/MockData/bostonHomeData.tsx,13
https://kurifturesorts.com/_nuxt/img/AfricaRoomBed.28e54c2.jpg,src/MockData/africanVillageAccomodation.tsx,30
https://kurifturesorts.com/_nuxt/img/AfricaRestaurant.36863f2.jpg,src/MockData/africanVillageAccomodation.tsx,40
https://kurifturesorts.com/_nuxt/img/AfricaMassage.ff8ac7b.jpg,src/MockData/africanVillageAccomodation.tsx,49
https://kurifturesorts.com/_nuxt/img/1.2bb9fd7.webp,src/MockData/adventure.tsx,9
https://kurifturesorts.com/_nuxt/img/6.609dbb9.webp,src/MockData/adventure.tsx,10
https://kurifturesorts.com/_nuxt/img/3.89f1f99.webp,src/MockData/adventure.tsx,11
https://kurifturesorts.com/_nuxt/img/IMG-20210910-WA0004.5ca1b87.jpg,src/MockData/aboutUsPageData.tsx,34
https://kurifturesorts.com/_nuxt/img/aboutusafrica.c7a6efc.jpg,src/MockData/aboutUsPageData.tsx,40
https://kurifturesorts.com/_nuxt/img/pic2.16ba64d.jpg,src/MockData/aboutUsPageData.tsx,58
https://kurifturesorts.com/_nuxt/img/p2.8eb6b5f.jpg,src/MockData/aboutUsPageData.tsx,59
https://kurifturesorts.com/_nuxt/img/bishCele.1e852b4.webp,src/MockData/aboutUsPageData.tsx,66
https://kurifturesorts.com/_nuxt/img/barber.68d5290.webp,src/Data/resort.tsx,5
https://kurifturesorts.com/_nuxt/img/barber.68d5290.webp,src/Data/resort.tsx,6
https://kurifturesorts.com/_nuxt/img/barber.68d5290.webp,src/Data/resort.tsx,7
https://kurifturesorts.com/_nuxt/img/barber.68d5290.webp,src/Data/resort.tsx,8
https://kurifturesorts.com/_nuxt/img/4.61f4fcb.jpg,src/Data/resort.tsx,49
https://kurifturesorts.com/_nuxt/img/9.e53335f.jpg,src/Data/resort.tsx,49
https://kurifturesorts.com/_nuxt/img/6.e70b338.jpg,src/Data/resort.tsx,59
https://kurifturesorts.com/_nuxt/img/12.fb4ab8d.jpg,src/Data/resort.tsx,60
https://kurifturesorts.com/_nuxt/img/11.5e9cf78.jpg,src/Data/resort.tsx,61
https://kurifturesorts.com/_nuxt/img/13.e4fe5a9.jpg,src/Data/resort.tsx,62
https://kurifturesorts.com/_nuxt/img/16.e0133a8.jpg,src/Data/resort.tsx,63
https://kurifturesorts.com/_nuxt/img/22.c9aa940.jpg,src/Data/resort.tsx,64
https://kurifturesorts.com/_nuxt/img/suana.9596bdf.webp,src/Data/resort.tsx,75
https://example.com/images/boston-day-spa-1.jpg,src/Data/resort.tsx,94
https://kurifturesorts.com/_nuxt/img/4.61f4fcb.jpg,src/Data/resort.tsx,105
https://kurifturesorts.com/_nuxt/img/9.e53335f.jpg,src/Data/resort.tsx,105
https://kurifturesorts.com/_nuxt/img/go.8dde4b1.webp,src/Data/resort.tsx,118
https://kurifturesorts.com/_nuxt/img/4.61f4fcb.jpg,src/Data/resort.tsx,148
https://kurifturesorts.com/_nuxt/img/9.e53335f.jpg,src/Data/resort.tsx,148
https://kurifturesorts.com/_nuxt/img/barber.68d5290.webp,src/Data/resort.tsx,151
https://kurifturesorts.com/_nuxt/img/suana.9596bdf.webp,src/Data/resort.tsx,152
https://kurifturesorts.com/_nuxt/img/Facial.2854687.webp,src/Data/resort.tsx,153
https://kurifturesorts.com/_nuxt/img/HairSalon.e3a2306.webp,src/Data/resort.tsx,154
https://kurifturesorts.com/_nuxt/img/Wax.59c254e.webp,src/Data/resort.tsx,155
https://kurifturesorts.com/_nuxt/img/1.6aae899.jpg,src/Data/resort.tsx,156
https://kurifturesorts.com/_nuxt/img/3.58428a8.jpg,src/Data/resort.tsx,157
https://kurifturesorts.com/_nuxt/img/6.e70b338.jpg,src/Data/resort.tsx,158
https://kurifturesorts.com/_nuxt/img/12.fb4ab8d.jpg,src/Data/resort.tsx,159
https://kurifturesorts.com/_nuxt/img/11.5e9cf78.jpg,src/Data/resort.tsx,160
https://kurifturesorts.com/_nuxt/img/13.e4fe5a9.jpg,src/Data/resort.tsx,161
https://kurifturesorts.com/_nuxt/img/16.e0133a8.jpg,src/Data/resort.tsx,162
https://kurifturesorts.com/_nuxt/img/22.c9aa940.jpg,src/Data/resort.tsx,163
https://kurifturesorts.com/_nuxt/img/HairSalon1.4c3bc26.webp,src/Data/resort.tsx,169
https://kurifturesorts.com/_nuxt/img/suana.9596bdf.webp,src/Data/resort.tsx,174
https://kurifturesorts.com/_nuxt/img/21.6b04da9.jpg,src/Data/resort.tsx,179
https://kurifturesorts.com/_nuxt/img/gallery2.e8d5a67.webp,src/Data/resort.tsx,187
https://example.com/images/kuriftu-awash-1.jpg,src/Data/resort.tsx,193
https://example.com/images/kuriftu-awash-2.jpg,src/Data/resort.tsx,194
https://kurifturesorts.com/_nuxt/img/4.61f4fcb.jpg,src/Data/resort.tsx,204
https://kurifturesorts.com/_nuxt/img/9.e53335f.jpg,src/Data/resort.tsx,204
https://kurifturesorts.com/_nuxt/img/barber.68d5290.webp,src/Data/resort.tsx,207
https://kurifturesorts.com/_nuxt/img/suana.9596bdf.webp,src/Data/resort.tsx,208
https://kurifturesorts.com/_nuxt/img/Facial.2854687.webp,src/Data/resort.tsx,209
https://kurifturesorts.com/_nuxt/img/HairSalon.e3a2306.webp,src/Data/resort.tsx,210
https://kurifturesorts.com/_nuxt/img/Wax.59c254e.webp,src/Data/resort.tsx,211
https://kurifturesorts.com/_nuxt/img/1.6aae899.jpg,src/Data/resort.tsx,212
https://kurifturesorts.com/_nuxt/img/3.58428a8.jpg,src/Data/resort.tsx,213
https://kurifturesorts.com/_nuxt/img/6.e70b338.jpg,src/Data/resort.tsx,214
https://kurifturesorts.com/_nuxt/img/12.fb4ab8d.jpg,src/Data/resort.tsx,215
https://kurifturesorts.com/_nuxt/img/11.5e9cf78.jpg,src/Data/resort.tsx,216
https://kurifturesorts.com/_nuxt/img/13.e4fe5a9.jpg,src/Data/resort.tsx,217
https://kurifturesorts.com/_nuxt/img/16.e0133a8.jpg,src/Data/resort.tsx,218
https://kurifturesorts.com/_nuxt/img/22.c9aa940.jpg,src/Data/resort.tsx,219
https://kurifturesorts.com/_nuxt/img/HairSalon1.4c3bc26.webp,src/Data/resort.tsx,225
https://kurifturesorts.com/_nuxt/img/suana.9596bdf.webp,src/Data/resort.tsx,230
https://kurifturesorts.com/_nuxt/img/21.6b04da9.jpg,src/Data/resort.tsx,235
https://example.com/images/kuriftu-bishoftu.jpg,src/Data/resort.tsx,243
https://example.com/images/kuriftu-bishoftu-1.jpg,src/Data/resort.tsx,249
https://example.com/images/kuriftu-bishoftu-2.jpg,src/Data/resort.tsx,250
https://kurifturesorts.com/_nuxt/img/4.61f4fcb.jpg,src/Data/resort.tsx,260
https://kurifturesorts.com/_nuxt/img/9.e53335f.jpg,src/Data/resort.tsx,260
https://kurifturesorts.com/_nuxt/img/barber.68d5290.webp,src/Data/resort.tsx,263
https://kurifturesorts.com/_nuxt/img/suana.9596bdf.webp,src/Data/resort.tsx,264
https://kurifturesorts.com/_nuxt/img/Facial.2854687.webp,src/Data/resort.tsx,265
https://kurifturesorts.com/_nuxt/img/HairSalon.e3a2306.webp,src/Data/resort.tsx,266
https://kurifturesorts.com/_nuxt/img/Wax.59c254e.webp,src/Data/resort.tsx,267
https://kurifturesorts.com/_nuxt/img/1.6aae899.jpg,src/Data/resort.tsx,268
https://kurifturesorts.com/_nuxt/img/3.58428a8.jpg,src/Data/resort.tsx,269
https://kurifturesorts.com/_nuxt/img/6.e70b338.jpg,src/Data/resort.tsx,270
https://kurifturesorts.com/_nuxt/img/12.fb4ab8d.jpg,src/Data/resort.tsx,271
https://kurifturesorts.com/_nuxt/img/11.5e9cf78.jpg,src/Data/resort.tsx,272
https://kurifturesorts.com/_nuxt/img/13.e4fe5a9.jpg,src/Data/resort.tsx,273
https://kurifturesorts.com/_nuxt/img/16.e0133a8.jpg,src/Data/resort.tsx,274
https://kurifturesorts.com/_nuxt/img/22.c9aa940.jpg,src/Data/resort.tsx,275
https://kurifturesorts.com/_nuxt/img/HairSalon1.4c3bc26.webp,src/Data/resort.tsx,281
https://kurifturesorts.com/_nuxt/img/suana.9596bdf.webp,src/Data/resort.tsx,286
https://kurifturesorts.com/_nuxt/img/21.6b04da9.jpg,src/Data/resort.tsx,291
https://example.com/images/kuriftu-water-park.jpg,src/Data/resort.tsx,299
https://example.com/images/kuriftu-water-park-1.jpg,src/Data/resort.tsx,305
https://example.com/images/kuriftu-water-park-2.jpg,src/Data/resort.tsx,306
https://kurifturesorts.com/_nuxt/img/4.61f4fcb.jpg,src/Data/resort.tsx,316
https://kurifturesorts.com/_nuxt/img/9.e53335f.jpg,src/Data/resort.tsx,316
https://kurifturesorts.com/_nuxt/img/barber.68d5290.webp,src/Data/resort.tsx,319
https://kurifturesorts.com/_nuxt/img/suana.9596bdf.webp,src/Data/resort.tsx,320
https://kurifturesorts.com/_nuxt/img/Facial.2854687.webp,src/Data/resort.tsx,321
https://kurifturesorts.com/_nuxt/img/HairSalon.e3a2306.webp,src/Data/resort.tsx,322
https://kurifturesorts.com/_nuxt/img/Wax.59c254e.webp,src/Data/resort.tsx,323
https://kurifturesorts.com/_nuxt/img/1.6aae899.jpg,src/Data/resort.tsx,324
https://kurifturesorts.com/_nuxt/img/3.58428a8.jpg,src/Data/resort.tsx,325
https://kurifturesorts.com/_nuxt/img/6.e70b338.jpg,src/Data/resort.tsx,326
https://kurifturesorts.com/_nuxt/img/12.fb4ab8d.jpg,src/Data/resort.tsx,327
https://kurifturesorts.com/_nuxt/img/11.5e9cf78.jpg,src/Data/resort.tsx,328
https://kurifturesorts.com/_nuxt/img/13.e4fe5a9.jpg,src/Data/resort.tsx,329
https://kurifturesorts.com/_nuxt/img/16.e0133a8.jpg,src/Data/resort.tsx,330
https://kurifturesorts.com/_nuxt/img/22.c9aa940.jpg,src/Data/resort.tsx,331
https://kurifturesorts.com/_nuxt/img/HairSalon1.4c3bc26.webp,src/Data/resort.tsx,337
https://kurifturesorts.com/_nuxt/img/suana.9596bdf.webp,src/Data/resort.tsx,342
https://kurifturesorts.com/_nuxt/img/21.6b04da9.jpg,src/Data/resort.tsx,347
https://example.com/images/kuriftu-lake-tana.jpg,src/Data/resort.tsx,355
https://example.com/images/kuriftu-lake-tana-1.jpg,src/Data/resort.tsx,361
https://example.com/images/kuriftu-lake-tana-2.jpg,src/Data/resort.tsx,362
https://m.media-amazon.com/images/I/717KjgwGLXL._AC_SL1300_.jpg,src/Data/gallery_items.tsx,4
"https://m.media-amazon.com/images/I/61306vHf8+L._UF1000,1000_QL80_.jpg",src/Data/gallery_items.tsx,5
https://pisces.bbystatic.com/image2/BestBuy_US/images/products/1585/15859171_sa.jpg,src/Data/gallery_items.tsx,7
https://assets.classicfm.com/2021/50/tchaikovsky-1639562612-editorial-long-form-0.jpg,src/Data/gallery_items.tsx,8
https://i.ytimg.com/vi/4VZaHs_YCYk/hq720.jpg,src/Data/gallery_items.tsx,17
"https://m.media-amazon.com/images/I/81qaC0JI-+L._UF894,1000_QL80_.jpg",src/Data/gallery_items.tsx,18
https://www.pianorarescores.com/wp-content/uploads/2014/10/Aram-Khachaturian.jpg,src/Data/gallery_items.tsx,20
https://m.media-amazon.com/images/I/81aNPF8YXwL._SL1500_.jpg,src/Data/gallery_items.tsx,29
https://m.media-amazon.com/images/I/81xJdy0NcBL._SL1500_.jpg,src/Data/gallery_items.tsx,31
https://upload.wikimedia.org/wikipedia/commons/4/46/Adolphe-Adam-by-Nicolas-Eustache-Maurin.jpg,src/Data/gallery_items.tsx,32
https://m.media-amazon.com/images/I/91se4rNs9wL._SL1500_.jpg,src/Data/gallery_items.tsx,42
https://mf.b37mrtl.ru/rbthmedia/images/2020.09/original/5f4e649f15e9f932270ee462.jpg,src/Data/gallery_items.tsx,44
https://kurifturesorts.com/_nuxt/img/2.cba8b20.webp,src/Data/gallery_items.tsx,60
https://kurifturesorts.com/_nuxt/img/LakeView.2b96574.webp,src/Data/gallery_items.tsx,75
https://kurifturesorts.com/_nuxt/img/slide6.a9663c6.webp,src/pages/Resort/ResortHome.tsx,355
https://kurifturesorts.com/_nuxt/img/slide6.a9663c6.webp,src/pages/Resort/ResortHome.tsx,531
